OrderID,OrderDate,CustomerID,ProductID,Quantity,SalesAmount,Profit
O0001,2022-07-09,C082,P055,5,3472.91,463.25
O0002,2022-09-25,C082,P034,3,396.58,74.53
O0003,2024-05-25,C072,P002,2,1828.85,495.21
O0004,2022-11-02,C070,P005,6,5672.39,493.63
O0005,2022-09-19,C006,P040,6,5803.49,1445.25
O0006,2022-03-23,C046,P027,4,3143.89,435.18
O0007,2024-04-12,C080,P020,4,2480.51,729.4
O0008,2022-12-29,C053,P004,3,3049.41,405.71
O0009,2024-04-23,C086,P032,5,929.79,209.5
O0010,2024-02-23,C005,P061,4,949.31,265.44
O0011,2023-12-18,C040,P030,4,1909.75,187.69
O0012,2023-11-04,C036,P009,5,1227.63,217.72
O0013,2023-11-10,C004,P015,5,3718.85,1080.82
O0014,2023-06-28,C005,P014,10,2979.88,691.74
O0015,2023-10-05,C056,P078,9,1475.36,405.54
O0016,2023-01-25,C033,P006,7,5396.47,1518.53
O0017,2023-02-08,C047,P056,2,259.19,72.62
O0018,2023-10-05,C085,P016,5,2414.73,523.33
O0019,2023-10-31,C052,P090,5,4315.46,422.74
O0020,2024-02-16,C087,P023,10,3364.57,509.8
O0021,2022-01-01,C039,P037,4,2727.02,531.76
O0022,2023-10-22,C060,P057,8,4019.35,714.61
O0023,2022-12-14,C085,P011,5,530.13,110.39
O0024,2023-11-18,C012,P031,5,4063.57,405.47
O0025,2022-02-20,C006,P032,8,1632.01,395.15
O0026,2024-07-21,C054,P081,10,5403.86,1210.94
O0027,2024-10-09,C052,P032,3,617.37,31.72
O0028,2022-08-07,C100,P055,4,2858.91,827.63
O0029,2024-11-26,C060,P007,9,1778.1,466.01
O0030,2024-07-23,C018,P060,9,1181.43,234.94
O0031,2024-06-25,C079,P065,7,6606.89,1235.28
O0032,2022-11-22,C096,P061,8,1922.71,214.98
O0033,2023-07-22,C099,P067,8,1639.41,194.51
O0034,2022-06-08,C092,P037,4,2639.52,342.95
O0035,2022-06-15,C018,P020,4,2257.84,199.14
O0036,2023-03-15,C009,P054,7,2369.63,394.5
O0037,2022-05-08,C027,P054,7,2651.17,519.68
O0038,2022-02-10,C098,P074,7,5757.12,1644.73
O0039,2023-09-04,C097,P050,7,1952.06,456.12
O0040,2023-03-28,C063,P029,5,2986.03,170.97
O0041,2023-11-20,C086,P087,7,2199.86,572.24
O0042,2022-09-19,C080,P069,1,776.82,153.79
O0043,2022-02-25,C011,P083,7,4053.58,670.56
O0044,2022-04-13,C034,P049,6,4129.56,543.91
O0045,2024-02-16,C036,P054,5,1869.19,313.23
O0046,2022-04-17,C045,P029,2,1278.0,272.14
O0047,2022-03-05,C032,P026,1,578.8,63.46
O0048,2024-08-27,C086,P015,10,8660.52,1439.89
O0049,2023-06-09,C099,P048,3,747.66,217.52
O0050,2022-08-23,C100,P021,5,3375.39,190.44
O0051,2023-10-01,C074,P087,7,2061.94,471.68
O0052,2022-06-05,C076,P089,4,3350.44,814.56
O0053,2022-09-05,C073,P006,6,5171.21,1113.78
O0054,2022-05-22,C065,P083,6,3382.27,524.3
O0055,2024-09-30,C014,P056,6,732.87,188.48
O0056,2022-11-10,C056,P023,9,3264.89,383.69
O0057,2024-09-17,C060,P056,10,1134.12,298.19
O0058,2022-06-27,C036,P058,4,4194.21,807.23
O0059,2024-02-16,C044,P004,8,8309.39,793.21
O0060,2023-03-11,C046,P034,6,723.32,143.97
O0061,2023-07-20,C072,P002,9,9799.84,699.74
O0062,2024-04-12,C063,P072,4,2787.48,589.48
O0063,2024-10-02,C058,P003,2,1618.98,244.63
O0064,2023-05-14,C040,P085,10,2370.43,446.51
O0065,2023-12-06,C055,P071,6,5751.55,940.01
O0066,2023-09-20,C033,P030,2,1102.13,142.05
O0067,2023-01-15,C025,P028,8,797.18,157.36
O0068,2024-12-10,C077,P037,2,1474.9,182.98
O0069,2024-01-10,C023,P039,1,170.71,13.94
O0070,2022-04-04,C007,P071,5,5134.37,418.81
O0071,2024-10-02,C014,P002,10,9562.17,1622.5
O0072,2023-11-29,C024,P007,5,1131.74,191.75
O0073,2022-05-14,C052,P063,2,1902.06,421.52
O0074,2022-11-07,C020,P073,5,263.33,29.51
O0075,2024-05-02,C078,P077,10,8903.01,1608.27
O0076,2024-07-11,C057,P039,10,1799.52,227.36
O0077,2022-05-04,C079,P013,4,4043.17,469.66
O0078,2022-06-16,C021,P031,3,2607.07,232.38
O0079,2024-04-16,C058,P089,10,9045.94,526.11
O0080,2023-08-14,C091,P037,8,5057.19,547.98
O0081,2023-06-26,C081,P076,4,2680.14,498.88
O0082,2022-11-02,C035,P019,2,1815.92,450.63
O0083,2023-08-15,C057,P016,8,4003.67,900.56
O0084,2023-07-12,C065,P070,8,4985.87,994.73
O0085,2024-06-03,C095,P042,10,5840.96,425.41
O0086,2022-02-12,C098,P087,5,1526.83,367.63
O0087,2022-12-25,C061,P067,8,1731.93,165.18
O0088,2024-06-11,C082,P063,2,1861.96,283.18
O0089,2023-10-20,C086,P014,3,874.99,195.49
O0090,2023-08-14,C085,P052,9,5619.14,404.66
O0091,2023-06-01,C042,P015,7,5970.17,1529.75
O0092,2022-01-03,C085,P070,8,4961.12,480.71
O0093,2024-01-11,C080,P064,8,7463.46,752.99
O0094,2022-09-26,C037,P057,8,3588.96,1052.59
O0095,2023-05-06,C091,P021,5,3699.69,695.77
O0096,2022-07-10,C029,P015,8,6927.53,1468.13
O0097,2022-11-12,C064,P038,9,2562.06,394.23
O0098,2024-09-15,C061,P032,8,1612.85,235.31
O0099,2024-11-06,C096,P018,2,1833.03,453.68
O0100,2024-04-29,C044,P065,5,4710.34,568.58
O0101,2023-09-04,C076,P075,8,2870.71,464.01
O0102,2024-09-18,C045,P043,9,6047.77,872.71
O0103,2023-10-22,C025,P090,4,3464.24,375.49
O0104,2024-04-21,C006,P041,8,2364.42,597.85
O0105,2024-03-01,C085,P084,3,2193.14,129.95
O0106,2024-10-25,C076,P043,2,1372.37,219.68
O0107,2024-12-13,C059,P002,3,2943.98,629.11
O0108,2022-11-13,C010,P061,5,1221.74,272.66
O0109,2022-06-14,C043,P087,9,2642.06,341.26
O0110,2024-09-26,C070,P005,10,8497.72,1765.74
O0111,2023-08-12,C030,P012,7,3144.72,755.02
O0112,2022-07-25,C057,P022,5,1064.8,65.48
O0113,2022-04-25,C038,P046,6,3234.37,359.17
O0114,2024-04-23,C073,P088,3,1440.53,100.47
O0115,2024-02-23,C080,P088,4,2055.48,402.44
O0116,2023-04-21,C060,P082,5,1531.17,331.82
O0117,2024-08-10,C037,P087,9,2521.85,404.59
O0118,2023-12-09,C076,P039,7,1190.9,195.56
O0119,2023-09-11,C026,P050,8,2039.83,296.47
O0120,2024-01-06,C074,P038,5,1236.48,318.41
O0121,2024-03-21,C036,P002,10,10722.84,2622.57
O0122,2022-04-11,C078,P064,5,4678.63,503.09
O0123,2023-12-23,C029,P082,4,1264.78,277.54
O0124,2022-10-08,C081,P013,1,948.36,151.93
O0125,2024-01-18,C094,P017,2,977.76,128.75
O0126,2024-04-30,C023,P026,3,1792.41,482.36
O0127,2024-01-20,C068,P065,5,4719.12,539.12
O0128,2024-09-13,C038,P044,2,890.84,61.31
O0129,2023-04-08,C087,P087,7,2302.22,578.2
O0130,2024-01-20,C012,P051,1,405.93,32.84
O0131,2024-01-25,C087,P087,5,1529.33,390.9
O0132,2024-01-31,C014,P087,4,1196.26,245.1
O0133,2023-11-03,C079,P029,2,1242.71,206.37
O0134,2023-09-11,C084,P053,2,621.73,178.17
O0135,2023-09-16,C064,P015,2,1505.42,277.58
O0136,2024-03-06,C059,P048,9,2160.92,509.04
O0137,2022-11-13,C054,P084,2,1561.13,318.33
O0138,2023-07-27,C005,P089,6,5151.65,830.31
O0139,2023-04-29,C047,P013,6,5968.85,1757.59
O0140,2024-01-05,C008,P051,5,1997.86,160.91
O0141,2024-07-20,C012,P085,4,1001.27,199.54
O0142,2022-02-13,C007,P043,4,2803.29,691.7
O0143,2023-02-25,C009,P071,4,4019.75,1018.05
O0144,2023-04-23,C043,P019,10,8966.5,2372.55
O0145,2022-10-24,C017,P070,5,3343.84,259.09
O0146,2022-02-22,C017,P002,6,6343.66,694.52
O0147,2023-10-26,C003,P023,5,1510.8,355.69
O0148,2024-12-13,C015,P009,8,2003.54,281.52
O0149,2022-08-12,C058,P065,4,3856.7,234.65
O0150,2024-12-03,C039,P059,1,908.78,154.26
O0151,2024-04-02,C055,P088,2,1026.22,284.7
O0152,2022-05-31,C011,P042,10,5715.5,466.09
O0153,2023-10-28,C049,P077,9,8130.06,1434.04
O0154,2024-05-31,C013,P090,2,1828.09,388.89
O0155,2023-03-17,C056,P058,4,3925.27,1008.22
O0156,2024-03-27,C054,P013,6,5829.58,1260.8
O0157,2024-02-06,C020,P088,8,3756.81,969.04
O0158,2022-07-10,C056,P013,6,6285.14,1188.47
O0159,2023-11-07,C086,P016,7,3276.97,708.92
O0160,2024-05-16,C093,P007,5,1060.89,146.31
O0161,2024-11-05,C028,P020,8,4368.83,336.64
O0162,2024-01-23,C015,P036,10,5815.82,914.7
O0163,2022-02-23,C078,P085,5,1102.44,130.44
O0164,2023-09-25,C044,P045,1,565.97,48.57
O0165,2024-03-31,C009,P019,1,914.36,166.98
O0166,2024-02-10,C054,P059,6,5568.16,712.22
O0167,2023-10-27,C100,P073,10,526.63,33.26
O0168,2022-11-19,C097,P080,1,156.96,18.53
O0169,2024-05-18,C063,P078,8,1396.26,145.06
O0170,2024-11-15,C015,P045,7,3902.13,856.73
O0171,2024-09-23,C068,P086,5,2966.02,441.39
O0172,2022-04-23,C001,P027,5,4141.6,1001.59
O0173,2023-06-08,C038,P042,2,1108.52,262.45
O0174,2022-12-26,C017,P049,9,6841.18,1197.66
O0175,2023-12-27,C010,P051,1,420.57,69.37
O0176,2022-06-09,C041,P074,7,5868.66,1334.39
O0177,2024-05-05,C038,P015,7,5030.89,660.01
O0178,2024-07-31,C089,P047,2,1852.2,141.63
O0179,2024-06-11,C076,P052,9,5671.1,1517.76
O0180,2023-11-27,C029,P043,3,1752.96,365.15
O0181,2024-12-22,C066,P025,6,3494.07,1011.73
O0182,2022-10-30,C031,P014,3,861.61,80.45
O0183,2022-11-10,C098,P084,2,1368.96,332.95
O0184,2024-10-08,C060,P073,10,568.43,159.75
O0185,2023-10-24,C081,P041,3,841.44,140.71
O0186,2023-09-13,C036,P076,1,660.08,45.25
O0187,2024-08-03,C058,P005,1,905.63,110.28
O0188,2022-07-04,C079,P077,9,8281.95,1615.66
O0189,2022-03-26,C058,P074,4,3187.03,538.31
O0190,2022-11-05,C008,P058,2,2121.26,550.14
O0191,2022-06-22,C065,P083,3,1701.06,385.98
O0192,2024-06-18,C068,P067,10,1862.19,266.69
O0193,2023-08-03,C050,P053,6,2081.92,131.35
O0194,2023-11-17,C009,P043,2,1291.62,189.4
O0195,2023-06-01,C093,P085,10,2615.93,348.81
O0196,2022-10-17,C045,P040,7,5805.07,1318.96
O0197,2022-06-23,C040,P072,7,4833.81,638.64
O0198,2022-09-19,C086,P090,9,7059.4,1536.22
O0199,2024-11-07,C047,P003,6,4871.75,1402.05
O0200,2023-12-01,C099,P063,4,3541.5,298.87
O0201,2022-06-08,C038,P013,9,9355.13,2420.92
O0202,2024-12-14,C005,P085,6,1570.47,321.17
O0203,2024-02-11,C020,P021,3,2343.09,568.84
O0204,2022-12-06,C093,P057,1,476.72,104.44
O0205,2023-05-02,C057,P079,5,838.6,206.25
O0206,2023-04-25,C069,P031,5,4700.85,1156.84
O0207,2023-02-02,C048,P087,10,3299.22,545.76
O0208,2023-08-01,C100,P049,9,6609.52,1927.12
O0209,2023-02-13,C078,P018,5,4367.59,743.14
O0210,2024-01-31,C071,P014,9,2908.32,352.68
O0211,2022-11-25,C035,P058,9,8352.93,1331.19
O0212,2023-03-31,C058,P045,1,594.2,88.6
O0213,2024-02-05,C031,P050,2,539.65,30.79
O0214,2022-07-22,C092,P084,6,4646.23,392.14
O0215,2023-08-11,C061,P090,3,2694.0,450.65
O0216,2022-01-11,C011,P003,5,3981.1,347.87
O0217,2024-12-16,C055,P015,5,3765.81,303.0
O0218,2023-05-04,C054,P082,10,3060.82,237.87
O0219,2024-10-20,C077,P069,1,737.32,142.86
O0220,2022-10-22,C038,P055,1,781.82,86.11
O0221,2024-05-03,C024,P086,2,1311.19,183.76
O0222,2024-12-13,C070,P065,9,8054.08,1188.89
O0223,2024-08-20,C006,P082,7,2369.03,268.68
O0224,2022-02-03,C046,P009,6,1439.75,308.5
O0225,2022-08-01,C099,P075,6,1859.35,256.73
O0226,2023-11-25,C083,P023,8,2910.27,493.68
O0227,2023-01-09,C018,P009,8,1837.01,184.43
O0228,2023-02-13,C006,P041,5,1423.87,423.29
O0229,2024-08-27,C033,P005,4,3561.06,945.58
O0230,2022-04-08,C084,P043,5,2952.31,419.24
O0231,2024-03-30,C096,P057,7,3288.21,317.98
O0232,2024-10-15,C048,P067,5,1059.49,245.56
O0233,2022-06-11,C056,P078,3,537.59,70.05
O0234,2022-06-13,C042,P085,5,1170.0,234.77
O0235,2024-05-22,C022,P089,8,7064.4,428.02
O0236,2023-12-24,C079,P056,5,611.19,151.5
O0237,2022-04-28,C010,P086,7,4442.84,1111.93
O0238,2022-11-24,C004,P019,10,10311.13,1645.07
O0239,2022-09-16,C009,P031,6,5018.21,1442.07
O0240,2022-03-08,C078,P020,8,5038.9,720.58
O0241,2022-06-07,C074,P018,9,8405.27,1080.89
O0242,2023-07-25,C032,P015,1,832.34,145.46
O0243,2024-03-03,C072,P016,5,2543.9,574.95
O0244,2023-03-16,C079,P037,8,5199.9,436.44
O0245,2022-06-01,C058,P023,8,2919.0,737.42
O0246,2023-10-17,C086,P045,2,1221.07,149.69
O0247,2023-09-07,C021,P090,3,2711.85,480.51
O0248,2022-09-06,C026,P018,4,4060.68,229.72
O0249,2024-01-26,C060,P071,3,3029.96,216.81
O0250,2023-09-26,C051,P062,9,2668.98,406.64
O0251,2022-06-01,C017,P041,2,562.12,123.68
O0252,2023-12-07,C017,P071,10,9250.34,2697.09
O0253,2024-06-05,C065,P008,2,1026.42,129.36
O0254,2022-11-28,C042,P029,6,3954.68,710.75
O0255,2023-08-05,C011,P033,4,3954.98,742.39
O0256,2022-09-14,C081,P039,10,1649.87,289.79
O0257,2022-12-12,C076,P075,3,937.26,193.19
O0258,2023-11-23,C073,P006,1,784.54,225.27
O0259,2023-06-27,C084,P027,10,7478.92,1568.69
O0260,2024-10-16,C081,P070,5,3245.01,407.33
O0261,2023-05-17,C088,P052,5,3408.58,757.23
O0262,2022-11-20,C057,P054,8,2783.03,375.84
O0263,2022-10-22,C041,P041,6,1865.35,154.25
O0264,2024-01-29,C066,P072,2,1293.99,215.6
O0265,2023-07-02,C058,P032,3,550.4,67.45
O0266,2024-02-26,C079,P054,4,1531.17,421.96
O0267,2023-11-02,C074,P041,4,1195.36,208.67
O0268,2024-11-20,C060,P064,5,4431.77,321.36
O0269,2024-03-16,C065,P059,4,3758.12,519.46
O0270,2022-04-14,C037,P064,10,9546.33,2038.76
O0271,2024-08-21,C037,P069,1,768.24,121.18
O0272,2023-06-26,C094,P047,7,6389.74,959.39
O0273,2023-02-03,C047,P071,5,4518.05,795.47
O0274,2023-07-27,C080,P088,10,4749.15,1395.16
O0275,2024-03-17,C048,P044,9,4388.51,1047.72
O0276,2023-02-12,C078,P066,7,2807.39,172.17
O0277,2022-10-08,C092,P043,8,5127.03,447.26
O0278,2024-11-21,C018,P042,10,5924.77,878.28
O0279,2023-09-05,C076,P044,9,4299.23,787.12
O0280,2023-09-06,C061,P003,6,4894.41,378.83
O0281,2024-05-03,C075,P040,1,913.13,106.27
O0282,2023-04-12,C093,P007,10,2071.87,375.13
O0283,2024-02-18,C019,P088,4,1863.78,535.0
O0284,2022-08-14,C025,P003,8,6502.18,571.27
O0285,2023-02-22,C053,P065,10,9597.68,2574.14
O0286,2022-05-08,C091,P018,9,8129.63,1067.11
O0287,2024-09-06,C068,P049,6,4782.54,788.72
O0288,2024-12-27,C044,P070,6,3919.73,1046.23
O0289,2023-06-26,C079,P062,4,1318.23,157.86
O0290,2023-09-04,C029,P039,5,853.03,189.85
O0291,2024-09-28,C041,P062,6,1833.56,520.04
O0292,2023-07-15,C037,P016,10,4992.96,723.6
O0293,2024-03-19,C045,P019,5,4522.31,1306.17
O0294,2022-06-11,C045,P057,5,2546.9,263.6
O0295,2023-07-10,C072,P090,5,3959.3,807.38
O0296,2023-05-06,C032,P007,9,1769.29,191.45
O0297,2022-07-25,C053,P043,8,4699.25,1140.47
O0298,2022-01-11,C071,P021,7,5284.22,1427.59
O0299,2024-09-01,C062,P084,4,3076.73,374.78
O0300,2023-08-08,C083,P008,2,1053.87,113.88
O0301,2022-03-18,C023,P054,3,1142.33,67.49
O0302,2024-03-24,C064,P024,5,5216.89,272.93
O0303,2022-08-08,C043,P037,8,6072.7,1128.46
O0304,2024-10-08,C018,P065,8,6760.7,1705.07
O0305,2023-11-09,C021,P059,5,5199.24,278.27
O0306,2023-11-22,C038,P073,4,214.81,56.72
O0307,2024-04-10,C055,P066,6,2207.41,479.7
O0308,2023-01-14,C018,P062,6,1969.55,101.84
O0309,2024-02-25,C031,P058,5,5446.02,683.4
O0310,2022-01-24,C034,P084,6,4559.65,298.8
O0311,2022-08-31,C060,P040,3,2636.48,463.05
O0312,2023-09-29,C089,P016,5,2347.42,246.98
O0313,2022-10-01,C062,P020,8,4852.94,977.55
O0314,2024-05-01,C090,P071,8,8309.73,2081.58
O0315,2023-03-24,C098,P032,10,2144.53,151.12
O0316,2024-07-03,C068,P047,2,2032.49,158.64
O0317,2024-11-01,C026,P074,9,6915.49,913.05
O0318,2024-12-01,C057,P015,4,3317.42,571.28
O0319,2024-11-11,C058,P008,8,3789.75,583.08
O0320,2022-04-29,C072,P060,5,624.7,93.07
O0321,2022-01-07,C096,P028,10,954.03,148.76
O0322,2022-05-11,C070,P008,2,1122.16,188.54
O0323,2023-08-11,C053,P024,3,3065.56,903.06
O0324,2024-05-10,C048,P049,8,6274.98,1736.24
O0325,2024-02-09,C011,P088,9,4287.36,1136.46
O0326,2022-08-31,C023,P069,7,5057.53,1173.17
O0327,2023-04-02,C001,P003,5,4189.92,962.73
O0328,2024-05-18,C069,P049,4,2773.99,378.76
O0329,2023-07-19,C025,P015,1,844.07,130.67
O0330,2022-02-02,C031,P027,2,1399.74,81.74
O0331,2022-04-10,C032,P006,7,5920.65,1094.96
O0332,2022-04-26,C018,P065,5,4191.2,1169.76
O0333,2023-10-16,C074,P077,6,5354.48,1440.7
O0334,2024-12-03,C029,P053,5,1599.68,302.63
O0335,2022-12-25,C081,P087,7,2128.98,131.4
O0336,2023-12-07,C083,P086,7,4828.8,626.22
O0337,2024-05-02,C053,P020,5,2818.5,672.51
O0338,2024-08-27,C031,P029,5,3241.15,279.02
O0339,2024-08-06,C008,P072,7,5138.58,972.84
O0340,2022-10-02,C050,P032,5,938.6,198.68
O0341,2024-07-10,C048,P012,9,3855.93,376.42
O0342,2023-07-04,C049,P087,10,3069.71,823.93
O0343,2023-01-21,C098,P076,9,5775.5,590.38
O0344,2023-11-13,C039,P002,4,4346.77,1262.82
O0345,2022-08-29,C096,P062,4,1255.01,283.56
O0346,2024-03-23,C031,P071,6,6253.83,907.84
O0347,2024-12-28,C084,P046,5,2602.86,463.84
O0348,2024-10-15,C060,P013,8,8301.08,1079.62
O0349,2023-02-21,C048,P041,7,1806.74,480.63
O0350,2022-10-26,C003,P034,9,1233.68,240.3
O0351,2024-05-05,C038,P020,4,2233.25,323.73
O0352,2023-05-19,C064,P071,6,5639.54,1440.33
O0353,2024-10-01,C059,P022,6,1104.15,254.04
O0354,2024-09-27,C024,P070,1,634.11,164.72
O0355,2022-06-02,C086,P007,1,204.36,53.26
O0356,2023-04-19,C009,P020,1,545.47,89.46
O0357,2022-05-04,C080,P082,10,3342.16,717.97
O0358,2022-02-02,C001,P069,9,6350.6,344.09
O0359,2023-07-17,C069,P037,1,691.76,155.28
O0360,2024-05-31,C023,P014,2,606.83,66.9
O0361,2024-12-14,C033,P046,5,2894.42,201.9
O0362,2024-04-11,C059,P073,4,252.24,26.85
O0363,2022-06-15,C084,P084,1,672.24,97.35
O0364,2024-09-01,C008,P082,1,321.25,22.7
O0365,2024-06-07,C083,P043,10,6993.56,2052.33
O0366,2024-12-17,C006,P030,4,2280.24,508.66
O0367,2024-08-31,C035,P006,2,1775.69,213.25
O0368,2022-03-09,C023,P041,1,310.1,61.01
O0369,2024-03-26,C010,P039,3,497.96,95.45
O0370,2024-03-07,C087,P070,6,3698.58,868.93
O0371,2022-06-10,C065,P045,1,555.85,60.05
O0372,2022-06-05,C044,P078,10,1937.35,289.01
O0373,2023-10-31,C004,P082,5,1631.19,265.29
O0374,2023-04-13,C046,P071,7,6820.83,1500.06
O0375,2024-02-18,C011,P080,5,803.61,183.45
O0376,2022-06-18,C035,P020,7,4217.14,879.17
O0377,2024-03-08,C041,P047,2,1722.68,492.24
O0378,2024-06-29,C047,P035,2,419.76,40.65
O0379,2024-07-08,C072,P072,9,5930.41,335.46
O0380,2023-12-26,C071,P012,10,4180.6,548.11
O0381,2024-02-28,C002,P038,7,1871.13,133.18
O0382,2023-05-13,C074,P067,3,621.8,57.44
O0383,2023-07-05,C039,P035,8,1683.91,154.59
O0384,2023-07-20,C054,P039,8,1385.24,194.32
O0385,2023-05-21,C093,P081,8,4690.87,463.87
O0386,2022-08-08,C018,P039,1,178.6,23.76
O0387,2024-02-18,C043,P057,6,2871.81,734.85
O0388,2022-10-06,C039,P042,10,6697.87,671.21
O0389,2023-10-06,C023,P051,6,2449.39,548.03
O0390,2024-10-02,C074,P032,6,1167.68,296.74
O0391,2024-03-15,C047,P015,10,7471.46,2236.33
O0392,2023-01-04,C088,P071,1,1077.37,178.2
O0393,2023-03-06,C057,P038,2,581.77,144.81
O0394,2024-04-17,C087,P064,3,2731.41,301.84
O0395,2022-11-12,C092,P055,7,4894.04,1456.83
O0396,2024-09-08,C075,P052,9,6201.18,1736.94
O0397,2024-05-06,C070,P005,6,5805.34,1469.18
O0398,2022-06-24,C014,P032,6,1117.46,227.03
O0399,2024-03-29,C097,P043,7,4116.67,307.32
O0400,2023-03-31,C066,P067,9,1827.71,354.23
O0401,2024-07-01,C048,P051,8,3593.63,708.48
O0402,2024-10-21,C020,P045,1,602.41,74.61
O0403,2022-06-25,C015,P019,6,5749.15,941.9
O0404,2023-02-28,C067,P062,6,1803.0,287.65
O0405,2024-07-15,C041,P009,5,1150.08,261.87
O0406,2022-02-16,C044,P083,2,1293.44,117.82
O0407,2023-05-15,C067,P023,9,2783.81,528.82
O0408,2024-08-04,C030,P052,3,1934.85,414.69
O0409,2024-03-21,C004,P079,4,632.2,99.5
O0410,2022-01-10,C091,P028,4,398.74,90.09
O0411,2022-05-09,C074,P014,9,2547.33,334.96
O0412,2024-07-26,C015,P034,8,1014.47,212.81
O0413,2024-03-06,C079,P051,10,3931.33,542.51
O0414,2024-07-26,C080,P023,5,1798.3,355.24
O0415,2022-10-02,C041,P016,4,1853.95,177.54
O0416,2022-10-17,C066,P050,7,1974.61,382.48
O0417,2024-05-16,C024,P063,9,8755.5,1850.17
O0418,2022-12-21,C072,P022,8,1509.9,146.12
O0419,2024-07-12,C080,P007,6,1360.78,232.9
O0420,2023-02-04,C050,P072,9,6226.47,948.19
O0421,2024-10-04,C054,P057,8,3624.55,693.56
O0422,2023-03-28,C038,P005,5,4394.34,536.85
O0423,2024-07-25,C073,P064,9,7998.63,1545.16
O0424,2023-07-03,C100,P070,6,3818.38,913.34
O0425,2024-06-22,C070,P028,7,672.11,173.08
O0426,2023-05-22,C039,P005,8,7087.45,1882.07
O0427,2022-06-28,C057,P016,4,1817.11,425.94
O0428,2023-12-20,C091,P079,7,1042.96,88.45
O0429,2023-02-28,C027,P008,10,4961.03,596.67
O0430,2022-12-11,C042,P038,5,1387.09,399.62
O0431,2024-11-19,C087,P013,3,3231.91,796.42
O0432,2022-05-02,C036,P084,3,2283.62,189.93
O0433,2022-10-27,C092,P042,4,2587.76,566.87
O0434,2024-09-29,C019,P074,5,4236.86,609.23
O0435,2022-06-04,C082,P012,7,2879.1,344.21
O0436,2024-01-26,C059,P063,6,5711.71,1526.32
O0437,2022-07-10,C094,P059,6,6396.31,1592.17
O0438,2024-03-25,C028,P055,4,3053.85,399.19
O0439,2023-08-04,C044,P071,10,9148.85,2407.11
O0440,2023-12-05,C088,P007,1,191.34,47.06
O0441,2024-07-30,C003,P016,3,1429.79,71.73
O0442,2024-05-26,C026,P089,3,2938.88,368.73
O0443,2023-07-16,C012,P084,6,4171.2,596.32
O0444,2022-12-05,C007,P051,5,2226.27,531.65
O0445,2024-05-29,C084,P012,2,738.21,124.91
O0446,2022-09-29,C076,P029,9,5640.72,295.13
O0447,2023-12-05,C016,P055,3,2282.58,244.78
O0448,2022-07-02,C094,P014,2,581.34,157.11
O0449,2022-10-08,C049,P018,3,2629.9,501.84
O0450,2022-12-03,C057,P045,4,2479.9,217.84
O0451,2024-04-23,C079,P088,8,4408.98,316.0
O0452,2022-07-25,C018,P016,10,5044.45,695.55
O0453,2024-05-29,C041,P018,4,3666.61,260.56
O0454,2023-08-07,C100,P089,1,973.39,208.89
O0455,2023-09-10,C027,P067,10,2002.41,474.49
O0456,2023-08-29,C083,P007,4,831.15,64.98
O0457,2024-10-20,C082,P077,2,1894.62,557.82
O0458,2024-01-10,C041,P017,7,3391.27,651.45
O0459,2024-01-19,C070,P088,3,1623.37,468.53
O0460,2022-05-30,C003,P076,2,1228.15,127.65
O0461,2022-05-04,C051,P065,5,4540.37,795.76
O0462,2024-04-30,C055,P090,7,5477.47,1008.63
O0463,2022-11-09,C036,P011,5,484.0,135.63
O0464,2022-11-15,C069,P042,7,4377.93,1054.23
O0465,2022-05-16,C040,P090,7,6251.47,1635.49
O0466,2022-04-29,C032,P012,7,2649.71,538.09
O0467,2022-04-23,C040,P086,3,1808.6,410.51
O0468,2022-01-24,C021,P064,6,5345.4,1313.61
O0469,2023-06-15,C022,P048,3,768.72,206.3
O0470,2022-08-30,C099,P004,6,6180.98,729.33
O0471,2022-05-11,C034,P074,2,1651.23,293.42
O0472,2022-04-24,C064,P073,3,167.73,19.08
O0473,2022-07-30,C074,P087,2,568.88,100.81
O0474,2022-04-01,C002,P032,1,198.43,28.92
O0475,2022-11-04,C023,P005,9,8877.89,2028.64
O0476,2024-05-08,C029,P042,4,2417.97,556.31
O0477,2023-07-10,C010,P074,6,4580.14,999.99
O0478,2022-04-18,C023,P029,9,5968.96,1722.16
O0479,2022-05-22,C060,P037,5,3337.84,628.42
O0480,2022-01-17,C048,P026,5,2861.51,360.49
O0481,2023-05-12,C060,P048,10,2670.81,799.77
O0482,2023-02-05,C094,P070,4,2347.94,664.7
O0483,2022-02-18,C030,P070,6,3889.49,868.78
O0484,2022-01-20,C043,P001,7,734.33,170.22
O0485,2022-08-01,C027,P068,4,3314.22,962.11
O0486,2022-10-19,C092,P036,2,1118.31,120.63
O0487,2024-11-30,C053,P090,6,5080.24,1203.89
O0488,2022-07-15,C065,P018,7,6145.05,1179.57
O0489,2024-06-09,C085,P017,4,1732.13,455.08
O0490,2024-03-15,C090,P042,6,3653.89,396.09
O0491,2023-02-20,C018,P075,2,622.73,56.73
O0492,2024-08-12,C041,P053,2,674.81,196.48
O0493,2023-03-02,C058,P040,8,6829.36,546.2
O0494,2022-11-19,C088,P039,10,1488.23,385.42
O0495,2023-11-03,C019,P012,4,1793.72,267.37
O0496,2022-04-11,C087,P039,5,871.91,81.49
O0497,2024-04-08,C058,P072,9,5739.27,949.91
O0498,2022-10-14,C016,P002,1,1065.35,314.96
O0499,2022-09-25,C026,P052,6,4282.48,1217.91
O0500,2022-06-22,C075,P076,5,3685.04,253.33
O0501,2022-05-13,C026,P083,8,5305.82,387.3
O0502,2023-11-11,C016,P006,8,6234.45,1752.09
O0503,2024-06-06,C093,P051,8,3087.3,681.69
O0504,2022-12-20,C046,P028,3,298.85,48.27
O0505,2022-11-01,C005,P079,10,1633.95,346.1
O0506,2024-10-18,C053,P071,8,7209.05,864.68
O0507,2022-10-09,C054,P026,9,4830.65,1442.05
O0508,2022-02-09,C049,P046,8,4412.06,755.21
O0509,2024-10-25,C042,P050,5,1295.14,168.0
O0510,2023-03-25,C004,P036,1,653.26,109.7
O0511,2024-01-03,C099,P075,4,1464.44,109.88
O0512,2023-05-09,C035,P069,1,756.3,217.02
O0513,2024-03-06,C046,P023,3,943.15,122.14
O0514,2024-01-05,C076,P004,6,6344.55,1211.18
O0515,2023-01-21,C064,P070,5,2950.7,175.54
O0516,2022-04-26,C030,P078,4,642.12,108.84
O0517,2023-11-11,C079,P026,3,1641.28,154.88
O0518,2023-10-25,C008,P003,3,2576.56,719.65
O0519,2022-08-16,C068,P047,2,1828.51,522.0
O0520,2024-03-21,C076,P013,6,5681.68,477.9
O0521,2022-11-19,C094,P056,8,979.74,91.66
O0522,2024-01-01,C029,P086,10,6935.68,1002.87
O0523,2023-08-27,C017,P023,1,361.66,103.86
O0524,2024-03-12,C099,P073,1,53.78,6.97
O0525,2023-03-29,C082,P073,2,124.89,10.64
O0526,2022-06-09,C031,P045,6,3386.03,918.73
O0527,2022-07-01,C091,P086,6,3873.39,450.49
O0528,2023-05-27,C089,P009,6,1444.46,111.24
O0529,2022-01-03,C007,P050,8,2316.99,677.2
O0530,2024-04-27,C064,P049,6,4422.62,333.28
O0531,2024-09-08,C074,P084,4,2729.44,186.77
O0532,2022-03-10,C038,P003,6,4823.38,367.45
O0533,2023-12-02,C022,P049,3,2292.8,428.21
O0534,2022-07-10,C044,P077,10,10160.62,2297.58
O0535,2024-06-02,C084,P022,10,2124.21,189.64
O0536,2022-07-27,C043,P027,4,2987.12,563.16
O0537,2023-06-28,C085,P037,5,3275.78,204.44
O0538,2024-10-02,C020,P007,6,1124.15,80.83
O0539,2024-09-10,C026,P013,1,928.25,194.51
O0540,2022-06-17,C061,P015,5,4200.79,704.62
O0541,2023-06-27,C012,P083,9,5494.86,784.42
O0542,2024-02-21,C048,P024,8,7055.21,1128.38
O0543,2023-06-24,C029,P035,10,2066.7,492.0
O0544,2022-07-18,C011,P086,6,4156.5,638.01
O0545,2023-04-11,C071,P008,7,3807.47,588.86
O0546,2024-08-30,C074,P031,8,6603.83,982.0
O0547,2022-03-13,C065,P074,9,7883.09,1729.42
O0548,2022-10-29,C016,P058,3,3264.63,299.66
O0549,2023-03-10,C025,P017,1,444.94,132.18
O0550,2024-06-10,C026,P081,3,1842.06,210.86
O0551,2022-05-18,C012,P050,9,2439.62,320.89
O0552,2023-07-20,C067,P059,1,1053.39,216.75
O0553,2024-12-06,C054,P015,7,5174.21,991.63
O0554,2022-07-25,C014,P073,2,121.42,32.4
O0555,2023-12-06,C053,P034,7,910.1,175.65
O0556,2024-08-26,C005,P023,5,1627.15,332.85
O0557,2024-04-02,C005,P051,6,2653.39,165.37
O0558,2024-08-31,C035,P048,1,236.14,58.66
O0559,2023-09-29,C036,P063,2,2050.22,219.35
O0560,2023-09-08,C096,P057,6,2777.92,428.34
O0561,2022-07-02,C025,P057,4,2102.01,319.07
O0562,2024-09-19,C098,P067,6,1276.15,228.2
O0563,2022-11-22,C009,P040,9,7906.15,1938.03
O0564,2024-12-09,C073,P004,3,2732.74,705.68
O0565,2022-04-29,C032,P005,8,6771.6,948.66
O0566,2023-02-12,C036,P048,8,1954.4,408.18
O0567,2022-09-11,C088,P004,4,3783.18,751.0
O0568,2022-12-30,C061,P076,9,5938.03,539.64
O0569,2023-06-14,C096,P089,2,1741.9,255.43
O0570,2022-11-30,C074,P028,4,429.54,94.25
O0571,2023-07-06,C084,P053,9,2725.59,667.98
O0572,2022-01-19,C061,P017,3,1383.0,72.08
O0573,2023-06-01,C078,P040,5,4410.6,635.65
O0574,2023-12-16,C059,P033,4,3825.31,838.89
O0575,2024-03-24,C075,P014,1,302.64,65.25
O0576,2024-02-06,C072,P083,10,6382.12,795.33
O0577,2022-08-10,C062,P009,6,1666.66,350.25
O0578,2023-07-22,C034,P084,5,3430.61,615.19
O0579,2023-05-08,C008,P077,7,6805.56,1498.51
O0580,2022-02-22,C084,P064,5,4220.75,652.7
O0581,2024-03-06,C095,P005,10,9687.53,1869.8
O0582,2023-01-24,C044,P029,9,5595.35,945.24
O0583,2024-01-05,C065,P039,3,525.17,141.34
O0584,2023-01-06,C038,P013,8,7301.34,837.19
O0585,2023-01-10,C088,P043,2,1205.89,127.62
O0586,2023-09-21,C054,P043,6,3647.03,450.45
O0587,2022-08-30,C061,P007,10,2113.41,433.59
O0588,2024-08-25,C025,P065,2,1900.76,276.4
O0589,2023-09-04,C053,P007,3,578.74,57.92
O0590,2024-04-18,C073,P059,3,2879.11,659.08
O0591,2022-06-15,C063,P043,3,1843.76,118.93
O0592,2024-07-14,C036,P027,3,2316.55,207.58
O0593,2022-06-30,C017,P079,7,1147.46,173.09
O0594,2024-09-04,C050,P001,1,98.72,22.97
O0595,2022-01-29,C042,P068,4,3043.49,155.31
O0596,2023-05-25,C029,P089,6,5255.21,397.7
O0597,2024-10-27,C076,P040,3,2453.67,150.73
O0598,2023-08-19,C059,P067,10,2008.24,318.14
O0599,2022-10-02,C044,P063,6,5900.71,538.27
O0600,2024-04-06,C003,P030,4,2206.74,182.72
O0601,2022-02-14,C076,P065,3,2455.76,559.37
O0602,2022-03-18,C049,P082,5,1627.39,334.89
O0603,2022-04-09,C085,P014,1,274.66,21.68
O0604,2024-06-28,C049,P016,9,4125.7,930.21
O0605,2023-02-25,C089,P088,1,493.66,106.34
O0606,2024-12-01,C035,P080,10,1577.69,244.08
O0607,2022-08-03,C066,P080,2,290.18,71.44
O0608,2024-10-16,C026,P078,4,749.81,193.36
O0609,2023-02-18,C046,P053,5,1561.23,292.0
O0610,2023-03-02,C089,P062,6,1715.44,91.24
O0611,2022-07-02,C015,P074,8,6146.17,445.72
O0612,2024-11-13,C010,P013,5,5072.52,832.85
O0613,2023-08-30,C034,P060,1,110.03,10.31
O0614,2022-03-22,C038,P047,6,5544.52,437.88
O0615,2022-04-04,C002,P018,3,2779.72,760.62
O0616,2023-07-04,C094,P012,6,2615.09,250.31
O0617,2024-03-31,C052,P059,5,5315.91,1182.66
O0618,2024-09-06,C054,P084,3,2025.31,453.76
O0619,2022-05-01,C021,P014,7,2287.41,390.39
O0620,2024-06-16,C024,P079,7,1180.02,239.35
O0621,2022-09-25,C062,P063,2,2018.41,323.29
O0622,2022-05-10,C034,P084,6,3962.2,1058.24
O0623,2024-12-10,C099,P074,10,7806.39,2255.58
O0624,2023-11-24,C067,P067,10,1836.81,395.7
O0625,2023-05-25,C062,P045,7,3934.09,1009.52
O0626,2022-04-22,C002,P083,3,1875.86,313.87
O0627,2024-10-12,C022,P010,8,3324.23,441.2
O0628,2023-07-24,C007,P065,4,3577.0,517.45
O0629,2023-04-27,C011,P059,8,8450.55,1369.2
O0630,2024-10-17,C058,P041,2,622.38,147.07
O0631,2022-02-06,C014,P052,7,4369.61,818.32
O0632,2022-07-06,C078,P080,5,817.57,155.82
O0633,2024-07-23,C044,P047,1,997.36,260.39
O0634,2023-11-11,C072,P080,10,1508.65,323.29
O0635,2024-07-15,C015,P013,4,3551.48,492.89
O0636,2023-08-21,C071,P067,6,1247.63,76.66
O0637,2022-12-03,C064,P018,7,6188.21,1254.43
O0638,2023-01-20,C016,P051,4,1689.36,414.49
O0639,2023-11-24,C014,P054,1,380.27,98.63
O0640,2022-09-10,C099,P058,8,8241.4,2382.16
O0641,2022-10-03,C064,P001,9,924.23,174.04
O0642,2024-06-05,C075,P062,9,2870.23,796.62
O0643,2022-12-22,C094,P017,2,883.37,176.79
O0644,2023-10-22,C065,P050,7,2123.03,592.28
O0645,2023-05-24,C036,P051,6,2796.52,456.42
O0646,2022-10-01,C018,P053,10,3484.01,826.08
O0647,2023-09-05,C090,P071,6,6178.39,1753.91
O0648,2023-03-22,C026,P027,10,7931.91,1758.13
O0649,2022-09-29,C091,P084,3,2196.9,491.18
O0650,2023-10-23,C091,P015,6,4828.63,944.97
O0651,2024-05-04,C087,P069,5,3862.96,601.06
O0652,2022-01-27,C067,P014,1,294.75,18.65
O0653,2022-04-26,C026,P035,3,745.31,164.6
O0654,2022-10-27,C008,P089,5,4280.97,793.23
O0655,2024-01-05,C058,P014,10,3241.65,761.38
O0656,2023-04-05,C096,P083,9,5496.39,976.88
O0657,2023-08-13,C089,P086,1,708.19,104.03
O0658,2023-10-03,C071,P007,1,218.14,21.98
O0659,2024-06-26,C029,P082,6,1946.89,363.39
O0660,2023-02-07,C100,P025,5,2970.38,878.83
O0661,2022-06-02,C024,P023,9,2759.44,166.0
O0662,2023-07-26,C072,P034,3,352.67,92.22
O0663,2022-01-12,C043,P060,3,325.79,91.92
O0664,2022-04-15,C100,P081,10,6150.6,770.6
O0665,2024-01-04,C010,P041,9,2411.99,231.47
O0666,2022-05-20,C065,P021,7,5171.61,780.16
O0667,2023-12-17,C029,P028,6,604.71,74.62
O0668,2024-12-22,C061,P072,1,619.55,84.57
O0669,2023-05-08,C083,P079,10,1514.8,90.84
O0670,2023-10-20,C049,P015,7,5293.22,1222.7
O0671,2022-02-20,C067,P048,9,2329.47,375.95
O0672,2022-03-31,C038,P084,4,2821.73,199.18
O0673,2022-07-16,C022,P069,9,5828.19,386.81
O0674,2023-03-13,C088,P055,2,1438.53,369.97
O0675,2024-06-10,C083,P010,3,1169.82,268.14
O0676,2022-03-19,C012,P010,1,403.23,45.56
O0677,2022-05-25,C074,P030,5,2589.81,421.57
O0678,2024-04-08,C056,P041,1,277.63,22.09
O0679,2022-01-13,C083,P080,2,318.89,62.63
O0680,2022-05-29,C046,P065,2,1696.2,375.66
O0681,2022-06-27,C037,P057,7,3326.32,715.76
O0682,2024-08-28,C021,P069,4,2664.47,393.67
O0683,2023-08-28,C082,P019,5,5154.77,1435.82
O0684,2024-02-04,C002,P071,9,8253.13,498.85
O0685,2024-03-18,C069,P071,2,1898.56,450.1
O0686,2023-12-06,C028,P053,9,2799.4,268.74
O0687,2023-06-02,C025,P015,3,2466.15,473.06
O0688,2022-04-22,C097,P071,8,8131.63,555.28
O0689,2022-05-18,C033,P013,4,4122.11,708.17
O0690,2023-11-09,C046,P017,4,1662.86,340.69
O0691,2023-02-01,C041,P063,8,7235.57,1554.6
O0692,2022-11-09,C073,P073,6,365.79,105.96
O0693,2022-12-12,C001,P041,4,1200.48,273.77
O0694,2024-06-12,C036,P047,3,2914.97,387.37
O0695,2024-09-09,C060,P058,6,6320.42,1085.49
O0696,2022-08-11,C023,P083,10,5723.71,687.73
O0697,2022-10-14,C069,P026,5,2957.42,611.16
O0698,2022-06-04,C003,P065,1,940.67,183.17
O0699,2023-03-12,C005,P071,5,4982.29,1493.1
O0700,2024-08-24,C084,P020,6,3393.32,925.9
O0701,2023-08-19,C018,P060,9,1078.64,160.93
O0702,2024-10-25,C002,P085,4,1041.44,262.06
O0703,2022-12-06,C097,P066,3,1190.21,112.82
O0704,2022-10-27,C095,P062,6,1645.12,395.43
O0705,2023-04-20,C009,P034,6,716.41,155.57
O0706,2024-11-26,C047,P050,8,2399.05,648.67
O0707,2022-03-23,C084,P042,2,1279.68,230.78
O0708,2023-07-15,C095,P034,10,1272.29,118.91
O0709,2024-02-15,C047,P076,2,1364.97,196.67
O0710,2023-04-02,C067,P052,6,4390.61,598.26
O0711,2024-09-14,C078,P001,9,949.97,151.97
O0712,2023-04-17,C010,P066,5,1889.55,182.77
O0713,2024-01-12,C078,P016,4,1896.1,251.34
O0714,2022-08-21,C062,P087,8,2396.14,473.71
O0715,2024-04-21,C003,P032,1,184.71,36.59
O0716,2022-10-03,C081,P066,1,432.4,37.5
O0717,2022-12-07,C034,P024,9,9532.74,1905.02
O0718,2022-02-08,C093,P085,5,1325.97,138.1
O0719,2024-08-23,C062,P022,4,840.32,168.24
O0720,2023-01-08,C080,P085,9,2087.6,482.33
O0721,2023-12-03,C059,P077,10,8607.52,1244.24
O0722,2022-09-28,C014,P003,4,3392.26,940.79
O0723,2024-05-09,C020,P078,2,332.25,91.5
O0724,2022-03-21,C069,P065,2,1626.56,349.46
O0725,2022-01-03,C100,P087,7,2114.74,301.55
O0726,2022-03-30,C090,P068,7,5575.52,1397.09
O0727,2024-02-20,C045,P076,10,6254.92,522.1
O0728,2024-09-04,C099,P030,2,1009.67,271.79
O0729,2024-04-16,C033,P025,1,625.33,154.68
O0730,2024-12-06,C016,P067,1,194.86,19.75
O0731,2023-10-09,C053,P047,2,1746.42,371.8
O0732,2023-06-04,C034,P069,7,5093.56,1033.84
O0733,2024-03-24,C097,P027,7,5379.54,1018.83
O0734,2023-01-02,C048,P072,9,6021.9,1789.27
O0735,2023-12-07,C100,P051,3,1368.74,294.03
O0736,2023-04-16,C058,P090,3,2356.63,417.33
O0737,2023-11-25,C071,P079,1,148.83,43.33
O0738,2022-01-11,C012,P019,8,8643.61,1372.99
O0739,2022-05-12,C034,P029,6,3324.94,197.63
O0740,2024-02-27,C052,P079,9,1375.57,400.13
O0741,2022-04-28,C100,P023,8,2622.55,263.37
O0742,2024-11-27,C037,P025,1,634.31,112.68
O0743,2023-04-20,C079,P022,1,191.53,40.94
O0744,2022-11-19,C012,P036,7,4180.45,621.99
O0745,2023-02-15,C067,P002,2,2166.2,405.94
O0746,2023-12-14,C045,P036,4,2513.47,247.91
O0747,2024-04-07,C074,P001,5,458.43,80.94
O0748,2022-05-29,C065,P038,6,1787.32,448.14
O0749,2023-06-12,C069,P074,5,4291.7,1251.09
O0750,2024-09-17,C099,P032,6,1307.81,215.41
O0751,2024-08-01,C076,P004,8,7168.51,479.49
O0752,2023-03-28,C087,P090,4,3620.22,554.28
O0753,2023-12-25,C067,P069,1,747.21,86.55
O0754,2023-08-12,C012,P052,6,3778.57,1068.76
O0755,2024-09-02,C041,P046,4,2359.0,276.64
O0756,2023-01-25,C064,P026,4,2366.79,634.74
O0757,2023-02-28,C030,P026,4,2412.41,335.34
O0758,2022-08-07,C016,P011,8,864.85,208.48
O0759,2022-03-28,C062,P048,10,2350.4,645.26
O0760,2023-07-17,C063,P024,9,8348.67,880.98
O0761,2022-09-20,C007,P068,7,5868.86,1086.87
O0762,2024-10-26,C045,P051,3,1267.06,101.48
O0763,2024-11-27,C059,P041,1,256.18,26.31
O0764,2022-07-26,C042,P047,10,10058.49,973.54
O0765,2023-06-23,C031,P035,8,1978.43,268.62
O0766,2023-01-12,C064,P055,4,3007.61,715.96
O0767,2024-01-18,C052,P036,8,4607.11,381.4
O0768,2023-04-14,C013,P035,4,916.15,241.93
O0769,2023-02-06,C019,P020,8,4906.51,461.96
O0770,2024-10-20,C018,P081,9,5215.25,672.41
O0771,2024-09-23,C039,P033,9,9285.92,575.05
O0772,2022-07-22,C089,P021,1,690.81,78.46
O0773,2022-07-17,C058,P043,5,3103.29,589.9
O0774,2023-06-12,C045,P003,7,5461.94,1457.48
O0775,2023-02-12,C074,P074,9,6952.21,1703.83
O0776,2023-12-29,C042,P087,9,2700.25,632.21
O0777,2022-06-10,C049,P079,5,792.51,229.15
O0778,2022-12-10,C082,P044,7,3220.2,621.21
O0779,2022-05-27,C011,P021,6,4156.05,537.04
O0780,2023-08-20,C091,P035,10,2330.83,274.6
O0781,2024-06-30,C100,P047,10,9418.97,1531.26
O0782,2022-12-09,C024,P003,3,2648.07,570.67
O0783,2022-06-13,C027,P022,7,1269.9,83.75
O0784,2024-08-27,C071,P007,1,219.27,39.69
O0785,2022-06-20,C014,P034,10,1174.15,250.93
O0786,2024-03-09,C040,P030,4,2211.14,355.53
O0787,2022-09-16,C017,P068,3,2288.0,493.95
O0788,2023-10-29,C061,P060,9,1170.02,218.95
O0789,2022-10-04,C090,P070,3,1927.66,316.4
O0790,2024-06-09,C068,P082,9,2672.8,365.62
O0791,2023-04-11,C012,P057,5,2361.71,271.48
O0792,2023-09-14,C002,P001,9,938.21,245.8
O0793,2023-12-06,C037,P061,9,2049.03,574.8
O0794,2024-09-04,C039,P002,7,7412.11,1476.87
O0795,2022-01-15,C071,P048,4,958.97,182.34
O0796,2024-03-19,C032,P021,7,5464.23,574.55
O0797,2022-06-12,C055,P081,4,2309.89,577.45
O0798,2023-07-11,C037,P084,9,6992.31,1071.4
O0799,2022-05-21,C024,P018,5,4423.41,724.71
O0800,2024-07-16,C035,P090,10,8524.33,1109.53
O0801,2022-11-08,C007,P069,1,673.24,50.88
O0802,2023-07-06,C017,P057,1,459.43,40.28
O0803,2024-10-07,C028,P044,7,3019.57,754.49
O0804,2024-01-31,C060,P090,1,824.81,215.18
O0805,2022-10-27,C008,P035,7,1449.78,242.89
O0806,2023-01-29,C033,P049,1,675.16,163.41
O0807,2023-05-25,C050,P057,4,2033.75,118.73
O0808,2024-08-01,C095,P013,9,9169.0,936.26
O0809,2024-03-07,C088,P040,6,5007.65,1162.07
O0810,2024-12-02,C016,P033,8,7915.29,789.0
O0811,2022-04-17,C086,P028,2,197.6,31.33
O0812,2022-01-31,C022,P036,10,5684.76,1405.76
O0813,2022-01-19,C006,P075,8,2776.09,246.37
O0814,2022-07-03,C032,P021,8,5381.05,1101.29
O0815,2022-05-03,C008,P046,3,1705.95,422.85
O0816,2022-09-15,C063,P030,6,3471.28,857.89
O0817,2023-12-13,C057,P025,1,622.94,86.93
O0818,2022-10-03,C033,P006,8,7133.16,1353.56
O0819,2024-09-30,C025,P073,3,173.79,22.75
O0820,2024-08-17,C036,P077,9,7901.91,1444.35
O0821,2024-07-09,C038,P034,9,1104.82,55.44
O0822,2024-11-02,C049,P024,1,993.5,140.1
O0823,2023-05-05,C042,P009,9,2422.87,236.15
O0824,2024-10-15,C099,P071,3,3030.61,395.95
O0825,2023-10-22,C015,P013,9,9156.37,558.03
O0826,2022-09-23,C023,P005,4,3427.83,335.6
O0827,2022-03-07,C074,P083,7,4510.22,818.4
O0828,2023-06-09,C007,P047,4,3831.39,259.46
O0829,2023-03-04,C084,P063,2,1861.23,390.35
O0830,2024-01-10,C072,P054,6,2225.94,143.74
O0831,2023-06-29,C068,P006,2,1827.07,126.95
O0832,2023-03-19,C067,P013,2,2060.89,376.97
O0833,2023-01-24,C025,P068,4,3415.41,979.8
O0834,2024-04-30,C096,P014,10,2933.63,483.11
O0835,2024-05-24,C014,P022,3,597.09,105.19
O0836,2022-11-20,C069,P077,8,8189.23,2257.13
O0837,2023-10-27,C048,P053,7,2497.97,326.89
O0838,2023-05-08,C073,P070,4,2461.28,461.64
O0839,2023-06-05,C047,P058,8,8722.88,436.57
O0840,2022-03-12,C037,P077,1,945.3,282.03
O0841,2023-09-11,C001,P039,4,618.17,79.57
O0842,2023-07-20,C071,P066,9,3660.46,706.11
O0843,2022-07-13,C005,P059,6,5566.6,647.1
O0844,2023-05-27,C030,P033,5,4420.81,662.9
O0845,2023-03-22,C094,P010,6,2737.43,255.2
O0846,2022-07-15,C077,P083,5,2834.0,714.41
O0847,2024-02-21,C011,P008,6,2974.85,756.46
O0848,2024-05-03,C016,P030,10,5729.51,1194.44
O0849,2024-02-23,C007,P040,9,7322.14,1354.47
O0850,2022-11-03,C042,P065,4,3295.62,719.79
O0851,2024-03-15,C058,P077,10,9428.71,994.93
O0852,2023-08-17,C051,P019,3,2889.08,488.15
O0853,2022-04-11,C071,P052,5,3155.04,553.57
O0854,2022-09-25,C098,P018,8,7766.63,1335.59
O0855,2023-02-06,C072,P079,9,1364.01,92.63
O0856,2024-05-30,C042,P088,10,4719.11,1028.47
O0857,2024-05-17,C047,P045,4,2331.27,462.69
O0858,2022-02-19,C099,P040,3,2949.4,601.84
O0859,2024-06-24,C080,P019,8,7240.17,1842.93
O0860,2023-02-13,C088,P048,3,769.89,202.63
O0861,2022-08-19,C095,P007,4,906.7,255.4
O0862,2023-08-13,C002,P044,2,861.58,144.57
O0863,2023-11-11,C027,P069,4,2703.22,488.79
O0864,2023-06-14,C071,P062,10,3158.25,269.52
O0865,2022-02-07,C049,P075,9,2734.89,253.2
O0866,2023-08-05,C026,P090,10,8147.44,1354.43
O0867,2022-01-18,C009,P050,5,1428.86,397.53
O0868,2024-01-08,C014,P003,5,4531.33,962.24
O0869,2023-04-19,C049,P066,2,866.89,148.38
O0870,2024-12-24,C012,P024,4,3881.59,638.51
O0871,2022-02-14,C006,P032,9,1725.97,297.7
O0872,2022-11-18,C003,P045,6,3522.03,442.3
O0873,2024-10-23,C036,P008,5,2750.44,749.77
O0874,2022-03-02,C072,P036,4,2289.68,628.05
O0875,2022-10-09,C012,P049,9,7178.97,1458.14
O0876,2023-04-11,C054,P031,10,8003.47,2342.09
O0877,2023-11-06,C058,P070,3,1782.23,150.86
O0878,2023-02-19,C018,P040,9,8722.3,1373.9
O0879,2022-10-25,C084,P073,3,166.0,31.43
O0880,2022-08-31,C024,P041,3,890.38,214.9
O0881,2024-04-27,C053,P039,8,1375.52,351.34
O0882,2023-07-15,C020,P025,2,1111.98,62.88
O0883,2023-07-01,C078,P073,10,543.39,58.71
O0884,2022-02-23,C046,P011,8,783.72,204.97
O0885,2024-08-18,C092,P084,6,4112.89,604.04
O0886,2024-08-28,C018,P021,4,2769.56,421.38
O0887,2022-01-31,C035,P053,4,1404.95,417.36
O0888,2023-02-23,C009,P023,8,2849.9,491.57
O0889,2023-10-28,C059,P032,7,1370.34,82.85
O0890,2024-02-19,C093,P041,7,2031.62,478.68
O0891,2024-12-11,C083,P005,9,7716.41,1267.23
O0892,2022-03-28,C032,P067,9,1761.19,411.75
O0893,2024-03-04,C067,P081,1,539.86,86.32
O0894,2023-09-16,C100,P037,8,5162.63,638.13
O0895,2022-04-22,C089,P067,3,595.21,125.9
O0896,2022-07-05,C093,P065,2,1657.22,325.41
O0897,2022-10-05,C051,P053,6,1990.26,188.52
O0898,2023-02-18,C059,P012,5,1977.97,419.61
O0899,2022-12-02,C092,P016,2,890.09,144.51
O0900,2024-01-14,C011,P068,7,6161.88,1810.35
O0901,2022-11-24,C049,P071,7,6284.3,582.69
O0902,2023-11-18,C073,P085,3,680.91,58.66
O0903,2022-04-16,C054,P040,5,4685.02,1359.79
O0904,2023-08-15,C081,P024,2,2095.22,607.84
O0905,2022-01-08,C080,P033,1,954.78,251.92
O0906,2022-01-12,C078,P064,4,3346.41,719.04
O0907,2024-07-18,C053,P057,2,990.39,51.15
O0908,2023-07-24,C080,P081,9,5511.69,561.69
O0909,2023-01-14,C019,P008,6,2783.88,733.43
O0910,2023-09-04,C043,P012,1,377.95,112.79
O0911,2022-11-27,C087,P037,10,7137.04,1605.56
O0912,2022-12-30,C059,P075,6,2179.61,159.73
O0913,2023-09-05,C042,P048,7,1817.77,435.56
O0914,2022-05-13,C038,P061,3,700.24,185.46
O0915,2023-11-06,C068,P053,9,2840.04,290.43
O0916,2022-04-30,C014,P074,9,8160.82,1394.81
O0917,2023-08-12,C055,P078,6,1014.26,196.55
O0918,2023-12-26,C017,P079,10,1595.45,370.62
O0919,2024-10-16,C064,P024,10,9184.04,1126.17
O0920,2023-02-01,C001,P016,1,478.87,119.33
O0921,2023-03-01,C079,P054,7,2229.65,306.38
O0922,2023-03-11,C002,P082,4,1281.85,145.62
O0923,2022-05-19,C040,P039,9,1489.76,360.16
O0924,2022-08-22,C088,P043,6,3750.82,721.02
O0925,2022-03-01,C023,P025,6,3841.76,1077.88
O0926,2024-09-08,C061,P005,3,2779.82,574.87
O0927,2023-11-18,C060,P053,1,357.45,44.62
O0928,2023-10-09,C072,P069,1,676.45,149.75
O0929,2023-12-26,C009,P020,5,3086.84,416.07
O0930,2024-02-08,C081,P069,3,2185.67,322.15
O0931,2022-08-28,C097,P040,6,5600.18,660.12
O0932,2022-06-27,C064,P031,6,5110.84,1470.3
O0933,2023-03-19,C068,P039,3,453.54,111.68
O0934,2023-02-18,C012,P057,9,3953.28,674.69
O0935,2024-10-21,C020,P025,6,3906.45,910.63
O0936,2024-12-08,C040,P042,3,1943.77,144.93
O0937,2024-11-23,C087,P017,4,1888.62,311.32
O0938,2024-12-05,C015,P001,5,532.69,118.13
O0939,2022-06-28,C043,P060,1,110.11,26.6
O0940,2023-10-02,C003,P074,5,4245.98,435.05
O0941,2023-02-15,C025,P037,5,3479.57,846.22
O0942,2022-08-29,C035,P020,3,1655.44,89.09
O0943,2024-11-18,C014,P027,9,6640.3,860.72
O0944,2022-10-17,C091,P037,10,6561.62,444.95
O0945,2023-11-25,C070,P057,1,449.46,75.37
O0946,2022-04-14,C014,P050,1,253.84,37.56
O0947,2024-07-02,C079,P046,5,2641.55,262.93
O0948,2024-12-28,C011,P060,10,1107.93,280.54
O0949,2024-08-17,C013,P059,5,5165.24,1175.37
O0950,2024-08-11,C061,P030,4,1960.43,537.01
O0951,2023-06-13,C047,P051,3,1329.02,287.46
O0952,2023-10-28,C059,P063,1,855.18,66.89
O0953,2024-09-07,C060,P022,5,1038.1,208.77
O0954,2022-09-18,C066,P014,7,2247.81,560.13
O0955,2023-10-30,C072,P084,2,1549.05,283.76
O0956,2024-03-31,C076,P053,4,1372.39,256.62
O0957,2024-09-14,C050,P009,6,1429.76,319.57
O0958,2024-06-01,C056,P073,6,347.65,37.91
O0959,2022-06-09,C095,P074,8,6100.13,1214.04
O0960,2023-10-29,C072,P013,8,7377.43,2131.86
O0961,2022-05-23,C077,P014,10,3183.26,460.71
O0962,2024-10-09,C083,P085,1,223.49,56.82
O0963,2022-01-01,C097,P019,3,2958.86,363.57
O0964,2024-07-04,C026,P027,6,4380.7,1088.98
O0965,2023-09-16,C056,P045,2,1228.98,249.33
O0966,2024-11-11,C052,P017,5,2061.57,567.49
O0967,2022-04-19,C001,P072,6,3713.28,447.64
O0968,2022-03-05,C031,P056,10,1164.05,150.78
O0969,2024-02-23,C052,P049,7,5158.8,1112.35
O0970,2024-08-30,C018,P025,9,5277.3,1483.56
O0971,2024-05-04,C020,P037,3,1922.62,130.62
O0972,2022-02-02,C019,P063,7,7179.01,602.63
O0973,2022-10-09,C083,P054,8,3023.6,676.83
O0974,2024-05-21,C080,P024,8,7776.78,1462.13
O0975,2024-07-10,C050,P046,4,2049.15,412.17
O0976,2024-10-17,C094,P031,9,7383.49,2079.49
O0977,2024-01-22,C005,P005,10,9269.38,1317.59
O0978,2024-09-13,C089,P011,3,331.7,60.24
O0979,2023-07-27,C060,P067,2,401.59,81.33
O0980,2023-05-18,C061,P081,2,1193.5,220.56
O0981,2023-10-02,C079,P007,6,1256.74,66.22
O0982,2024-07-18,C066,P061,10,2643.08,410.35
O0983,2023-08-27,C038,P022,1,204.75,40.83
O0984,2023-09-15,C094,P073,5,261.96,44.09
O0985,2022-12-13,C074,P007,5,1104.25,227.56
O0986,2023-08-11,C063,P011,3,317.45,83.45
O0987,2023-07-24,C033,P017,10,4320.66,1142.66
O0988,2022-01-30,C095,P015,10,7431.42,1470.99
O0989,2022-11-06,C085,P058,6,6360.05,733.4
O0990,2023-04-29,C063,P024,9,9364.68,1270.9
O0991,2022-06-22,C019,P077,3,3016.76,718.56
O0992,2024-04-25,C099,P050,4,1142.57,264.5
O0993,2022-12-09,C027,P074,6,4515.61,524.26
O0994,2022-08-26,C007,P022,8,1544.55,193.6
O0995,2024-12-26,C030,P049,7,5086.68,438.92
O0996,2024-06-09,C002,P037,8,5401.06,696.32
O0997,2024-12-21,C088,P006,2,1855.59,388.48
O0998,2024-06-03,C079,P084,5,3537.89,413.13
O0999,2022-07-21,C033,P084,10,7158.01,1741.46
O1000,2023-05-11,C094,P087,10,3170.52,570.66
